run_id,record_type,seed,parameter,indeks,manual,autograd,numerik,rel_err,tahap,yang_diperbaiki,loss_awal,loss_akhir,objective_akhir,benar_dari_4,prediksi,epochs,catatan
gradcheck_kasus1,gradient_check,122450138,W1,"(0, 0)",-0.3034327200849738,-0.3034327200849738,-0.3034327201500986,1.0731340117301498e-10,,,,,,,,,
gradcheck_kasus1,gradient_check,122450138,W1,"(0, 1)",0.1517163600424869,0.1517163600424869,0.15171636005284483,3.413585959765478e-11,,,,,,,,,
gradcheck_kasus1,gradient_check,122450138,W1,"(1, 0)",0.1517163600424869,0.1517163600424869,0.15171636005284483,3.413585959765478e-11,,,,,,,,,
gradcheck_kasus1,gradient_check,122450138,W1,"(1, 1)",-0.07585818002124345,-0.07585818002124345,-0.07585818000421796,1.1221922358447185e-10,,,,,,,,,
gradcheck_kasus1,gradient_check,122450138,b1,"(0,)",-0.1517163600424869,-0.1517163600424869,-0.15171636005284483,3.413585959765478e-11,,,,,,,,,
gradcheck_kasus1,gradient_check,122450138,b1,"(1,)",0.07585818002124345,0.07585818002124345,0.07585818000421796,1.1221922358447185e-10,,,,,,,,,
gradcheck_kasus1,gradient_check,122450138,W2,"(0,)",-0.11378727003186517,-0.11378727003186517,-0.11378727005073584,8.292082633425794e-11,,,,,,,,,
gradcheck_kasus1,gradient_check,122450138,W2,"(1,)",-0.07585818002124345,-0.07585818002124345,-0.07585818000421796,1.1221922358447185e-10,,,,,,,,,
gradcheck_kasus1,gradient_check,122450138,b2,(),-0.07585818002124345,-0.07585818002124345,-0.07585818000421796,1.1221922358447185e-10,,,,,,,,,
xor_rusak,training_loop,122450138,,,,,,,rusak,belum ada perbaikan,0.7059447509853392,67.2584915114168,0.5994582031372347,3.0,"[0, 0, 1, 0]",400.0,
xor_perbaikan-1,training_loop,122450138,,,,,,,perbaikan-1,menambahkan ReLU,0.6902079152636901,81.22096954716791,0.6931471805599453,2.0,"[0, 0, 0, 0]",400.0,
xor_perbaikan-2,training_loop,122450138,,,,,,,perbaikan-2,memberikan logit mentah ke loss,0.6902079152636901,2.563403624797012e-27,3.0316638985845453e-27,4.0,"[0, 1, 1, 0]",400.0,
xor_perbaikan-3,training_loop,122450138,,,,,,,perbaikan-3,memindahkan backward sebelum optimizer.step,0.6902079152636901,2.1674692061644482e-27,2.563403624797012e-27,4.0,"[0, 1, 1, 0]",400.0,
xor_perbaikan-4,training_loop,122450138,,,,,,,perbaikan-4,menambahkan optimizer.zero_grad,0.6902079152636901,0.17236966194085898,0.17265500878031975,4.0,"[0, 1, 1, 0]",400.0,
gradcheck_3_neuron,gradient_check,122450138,W1,"(0, 0)",-0.3034327200849738,-0.3034327200849738,-0.3034327201500986,1.0731340117301498e-10,,,,,,,,,
gradcheck_3_neuron,gradient_check,122450138,W1,"(0, 1)",0.1517163600424869,0.1517163600424869,0.15171636005284483,3.413585959765478e-11,,,,,,,,,
gradcheck_3_neuron,gradient_check,122450138,W1,"(1, 0)",0.1517163600424869,0.1517163600424869,0.15171636005284483,3.413585959765478e-11,,,,,,,,,
gradcheck_3_neuron,gradient_check,122450138,W1,"(1, 1)",-0.07585818002124345,-0.07585818002124345,-0.07585818000421796,1.1221922358447185e-10,,,,,,,,,
gradcheck_3_neuron,gradient_check,122450138,W1,"(2, 0)",0.0,0.0,0.0,0.0,,,,,,,,,
gradcheck_3_neuron,gradient_check,122450138,W1,"(2, 1)",-0.0,-0.0,0.0,0.0,,,,,,,,,
gradcheck_3_neuron,gradient_check,122450138,b1,"(0,)",-0.1517163600424869,-0.1517163600424869,-0.15171636005284483,3.413585959765478e-11,,,,,,,,,
gradcheck_3_neuron,gradient_check,122450138,b1,"(1,)",0.07585818002124345,0.07585818002124345,0.07585818000421796,1.1221922358447185e-10,,,,,,,,,
gradcheck_3_neuron,gradient_check,122450138,b1,"(2,)",0.0,0.0,0.0,0.0,,,,,,,,,
gradcheck_3_neuron,gradient_check,122450138,W2,"(0,)",-0.11378727003186517,-0.11378727003186517,-0.11378727005073584,8.292082633425794e-11,,,,,,,,,
gradcheck_3_neuron,gradient_check,122450138,W2,"(1,)",-0.07585818002124345,-0.07585818002124345,-0.07585818000421796,1.1221922358447185e-10,,,,,,,,,
gradcheck_3_neuron,gradient_check,122450138,W2,"(2,)",-0.0,-0.0,0.0,0.0,,,,,,,,,
gradcheck_3_neuron,gradient_check,122450138,b2,(),-0.07585818002124345,-0.07585818002124345,-0.07585818000421796,1.1221922358447185e-10,,,,,,,,,
batch_2_contoh,batch_verification,122450138,,,,,,5.551115123125783e-17,,,,0.14015150613765104,,,,,mean loss; gradien manual cocok dengan autograd
